,username,messages
0,:ranch_01!,1
1,:flameckl!,1
2,:kuromi_34!,1
3,:chefmeltzer24!,1
4,:timpactfont!,1
5,:protego93!,1
6,:sajak__!,1
7,:mangb0t!,1
8,:jobis_pr!,1
9,:ranch_01!,1
10,:ludwig!,1
11,:ludwig!,1
12,:mangb0t!,1
13,:ludwig!,1
14,:chefmeltzer24!,1
15,:sterbuck!,1
16,:tna_ssbm!,1
17,:edwinawesomehead!,1
18,:sajak__!,1
19,:greenteawasted!,1
20,:zteetsy!,1
21,:bananak1ng_!,1
22,:protego93!,1
23,:ludwig!,1
24,:ludwig!,1
25,:akablurzz!,1
26,:ludwig!,1
27,:flameckl!,1
28,:jonrobtom!,1
29,:ludwig!,1
30,:bairdrills!,1
31,:jace008!,1
32,:dingm8!,1
33,:ludwig!,1
34,:ludwig!,1
35,:three_fourths!,1
36,:tdawgy!,1
37,:ranch_01!,1
38,:ludwig!,1
39,:mrayeee!,1
40,:damastalex!,1
41,:bananak1ng_!,1
42,:themexfactor!,1
43,:chefmeltzer24!,1
44,:mystreamisbetter!,1
45,:fredcracklin!,1
46,:jonrobtom!,1
47,:dingm8!,1
48,:vs_brandon!,1
49,:dkc_jinouga!,1
50,:zapper85!,1
51,:chefmeltzer24!,1
52,:fredcracklin!,1
53,:bananak1ng_!,1
54,:ranch_01!,1
55,:mrayeee!,1
56,:chefmeltzer24!,1
57,:really_californian!,1
58,:ranch_01!,1
59,:really_californian!,1
60,:fredcracklin!,1
61,:chefmeltzer24!,1
62,:really_californian!,1
63,:timpactfont!,1
64,:travhen14!,1
65,:themexfactor!,1
66,:flameckl!,1
67,:mangb0t!,1
68,:sajak__!,1
69,:ranch_01!,1
70,:lowtendo!,1
71,:mrayeee!,1
72,:northerndragon5!,1
73,:fredcracklin!,1
74,:really_californian!,1
75,:chefmeltzer24!,1
76,:northerndragon5!,1
77,:ascnsion!,1
78,:honeypearl!,1
79,:compensate_!,1
80,:themexfactor!,1
81,:zteetsy!,1
82,:blunderblub!,1
83,:ranch_01!,1
84,:themexfactor!,1
85,:genericgamer256!,1
86,:pluckydachicken!,1
87,:timpactfont!,1
88,:soggywaffle028!,1
89,:mrayeee!,1
90,:breadbaskets1!,1
91,:fredog20!,1
92,:nolaserfalco!,1
93,:bbqdantheman!,1
94,:zteetsy!,1
95,:treycer_!,1
96,:damastalex!,1
97,:thejackasian!,1
